{
  "age": 0.007543647860365274,
  "years_experience": 0.12218790346497141,
  "years_at_company": 0.0035428759237908433,
  "performance_score": 0.01773102624959231,
  "num_projects": 0.002075037022848973,
  "training_hours": 0.013748710991953291,
  "certifications": 0.004954148018454307,
  "team_size": 0.008898949512161594,
  "experience_ratio": 0.057503714817615494,
  "loyalty_index": 0.001123112269434024,
  "productivity": 0.008290819053209806,
  "skills_composite": 0.003429214197634011,
  "education_level": 0.12127151236053302,
  "job_title": 0.46658562161395073,
  "gender_Female": 0.0,
  "gender_Male": 0.0,
  "gender_Non-binary": 0.0,
  "department_Data Science": 0.023916244204067023,
  "department_Engineering": 0.032742087974843806,
  "department_Finance": 0.0052105395257132986,
  "department_HR": 0.012171041978726625,
  "department_Marketing": 0.004804874501448538,
  "department_Operations": 0.007576393915359182,
  "department_Product": 0.00035178863030683034,
  "department_Sales": 0.0011363867737235567,
  "location_Austin": 0.0005672563614422417,
  "location_Boston": 0.0,
  "location_Chicago": 0.007757992108028337,
  "location_New York": 0.016777813220670883,
  "location_Remote": 0.02528736933476602,
  "location_San Francisco": 0.022013334851310476,
  "location_Seattle": 0.0008005832630781979
}