{
  "age": 0.0010117399678587838,
  "years_experience": 0.1245701519825457,
  "years_at_company": 0.00017618837487301845,
  "performance_score": 0.015751304548715313,
  "num_projects": 0.0003512166680697187,
  "training_hours": 0.0020374151211613803,
  "certifications": 0.0004362866985355757,
  "team_size": 0.001655655798999581,
  "experience_ratio": 0.04285493882142361,
  "loyalty_index": 0.0004231435094634544,
  "productivity": 0.0010427449937306674,
  "skills_composite": 0.0033741202668454134,
  "education_level": 0.1256364998373738,
  "job_title": 0.44450848555477035,
  "gender_Female": 1.72106727200902e-05,
  "gender_Male": 0.0,
  "gender_Non-binary": 2.116612577815821e-05,
  "department_Data Science": 0.03673195771551909,
  "department_Engineering": 0.03016762219138159,
  "department_Finance": 0.002777135738629136,
  "department_HR": 0.024954331796121842,
  "department_Marketing": 0.007168418372614378,
  "department_Operations": 0.018038693684805245,
  "department_Product": 0.004746772206707354,
  "department_Sales": 0.0037718457407243913,
  "location_Austin": 0.002860101355828044,
  "location_Boston": 0.00011355714521714847,
  "location_Chicago": 0.013896466639950958,
  "location_New York": 0.023026581835637546,
  "location_Remote": 0.027952406062945325,
  "location_San Francisco": 0.0334324410705176,
  "location_Seattle": 0.006493399500535586
}