{
  "age": 988.8253745672498,
  "years_experience": 12285.72668965979,
  "years_at_company": 720.3759764808193,
  "performance_score": 6139.188546509019,
  "num_projects": 984.0408399173753,
  "training_hours": 957.4177772170952,
  "certifications": 2838.5356224342963,
  "team_size": 479.15923865254985,
  "experience_ratio": 2781.2379362697393,
  "loyalty_index": 2413.8972740550407,
  "productivity": 1195.3904930062363,
  "skills_composite": 1602.2559834742196,
  "education_level": 19180.49440941389,
  "job_title": 20082.902236060312,
  "gender_Female": 268.77376991380305,
  "gender_Male": 0.0,
  "gender_Non-binary": 78.22187735530764,
  "department_Data Science": 27853.68949348717,
  "department_Engineering": 22315.191249133586,
  "department_Finance": 13859.898428835359,
  "department_HR": 18603.3400214722,
  "department_Marketing": 7006.281665606884,
  "department_Operations": 11328.861250477607,
  "department_Product": 17890.390071857666,
  "department_Sales": 3547.679538274762,
  "location_Austin": 7898.418006271256,
  "location_Boston": 0.0,
  "location_Chicago": 11634.594162752199,
  "location_New York": 16772.142199198013,
  "location_Remote": 17459.214882492666,
  "location_San Francisco": 22386.782368813758,
  "location_Seattle": 6326.364802376851
}