{
  "age": 1022.6058801140152,
  "years_experience": 12203.923610242804,
  "years_at_company": 732.4254251323988,
  "performance_score": 6202.885474799261,
  "num_projects": 1022.4480909578185,
  "training_hours": 974.1523012492046,
  "certifications": 3002.3805218096263,
  "team_size": 486.0187863570614,
  "experience_ratio": 2847.0260168365708,
  "loyalty_index": 2458.2821960585406,
  "productivity": 1240.4699423476197,
  "skills_composite": 1778.1430954336774,
  "education_level": 19195.474611298498,
  "job_title": 20085.88617878539,
  "gender_Female": 318.7223684772959,
  "gender_Male": 35.04809336280307,
  "gender_Non-binary": 353.7704618400787,
  "department_Data Science": 22756.131747308467,
  "department_Engineering": 17182.47553919614,
  "department_Finance": 8781.220731404657,
  "department_HR": 23894.038906329348,
  "department_Marketing": 12284.01396968443,
  "department_Operations": 16580.029439664988,
  "department_Product": 12842.866724411986,
  "department_Sales": 8804.612426642476,
  "location_Austin": 9189.625552822428,
  "location_Boston": 1227.797909856334,
  "location_Chicago": 12919.998217582692,
  "location_New York": 15616.128394426158,
  "location_Remote": 18727.93799553168,
  "location_San Francisco": 21235.110756173322,
  "location_Seattle": 5214.120525193645
}