{
  "age": 0.031336066743721525,
  "years_experience": 0.0878760848149812,
  "years_at_company": 0.017764916991921505,
  "performance_score": 0.03462040500153371,
  "num_projects": 0.025517509311873705,
  "training_hours": 0.0289522139411129,
  "certifications": 0.018236471268254884,
  "team_size": 0.030749293213875522,
  "experience_ratio": 0.08389234270869503,
  "loyalty_index": 0.02804810031027817,
  "productivity": 0.029338172962822075,
  "skills_composite": 0.036140195782571626,
  "education_level": 0.07650137250900578,
  "job_title": 0.2874236509014949,
  "gender_Female": 0.005928639987389235,
  "gender_Male": 0.005632476125758148,
  "gender_Non-binary": 0.0012876926654831308,
  "department_Data Science": 0.023652901764919302,
  "department_Engineering": 0.019027088837900715,
  "department_Finance": 0.0043697726602093395,
  "department_HR": 0.013298743425246591,
  "department_Marketing": 0.005899425490752241,
  "department_Operations": 0.01192367475883021,
  "department_Product": 0.005419635122178071,
  "department_Sales": 0.00490487074626896,
  "location_Austin": 0.004843744630833933,
  "location_Boston": 0.002372626602030636,
  "location_Chicago": 0.009764214053073842,
  "location_New York": 0.011296659368559564,
  "location_Remote": 0.022204385348379204,
  "location_San Francisco": 0.027033175257784224,
  "location_Seattle": 0.004743476692260073
}