{
  "age": 1059.5861573091809,
  "years_experience": 12115.410694672622,
  "years_at_company": 731.8984826682649,
  "performance_score": 6184.334194849452,
  "num_projects": 1017.2781851261135,
  "training_hours": 971.0339431820287,
  "certifications": 2977.9554268576503,
  "team_size": 485.7815621111047,
  "experience_ratio": 2937.41950179027,
  "loyalty_index": 2453.2850183303353,
  "productivity": 1234.7175148650115,
  "skills_composite": 1751.0589143676252,
  "education_level": 19176.985429429948,
  "job_title": 20079.551450976225,
  "gender_Female": 323.131414527808,
  "gender_Male": 28.226651776900102,
  "gender_Non-binary": 351.3580663038359,
  "department_Data Science": 22647.580098662995,
  "department_Engineering": 17130.012593330055,
  "department_Finance": 8716.40990886359,
  "department_HR": 23731.096327883934,
  "department_Marketing": 12217.026597968887,
  "department_Operations": 16505.592002896286,
  "department_Product": 12726.086954610628,
  "department_Sales": 8766.374626711726,
  "location_Austin": 9140.73428282113,
  "location_Boston": 1216.2101188843712,
  "location_Chicago": 12872.462244541195,
  "location_New York": 15559.154126476873,
  "location_Remote": 18664.2222881704,
  "location_San Francisco": 21156.000215922537,
  "location_Seattle": 5178.474592052202
}