{
  "age": 0.001387976692058146,
  "years_experience": 0.0633854940533638,
  "years_at_company": 0.0016836316790431738,
  "performance_score": 0.008837878704071045,
  "num_projects": 0.0021064316388219595,
  "training_hours": 0.003581291763111949,
  "certifications": 0.003345393342897296,
  "team_size": 0.0020268592052161694,
  "experience_ratio": 0.026530025526881218,
  "loyalty_index": 0.0030307359993457794,
  "productivity": 0.002348453039303422,
  "skills_composite": 0.0035889027640223503,
  "education_level": 0.08797142654657364,
  "job_title": 0.20486795902252197,
  "gender_Female": 0.003352357540279627,
  "gender_Male": 0.000825965020339936,
  "gender_Non-binary": 0.0002458580711390823,
  "department_Data Science": 0.05854472145438194,
  "department_Engineering": 0.052921049296855927,
  "department_Finance": 0.015550201758742332,
  "department_HR": 0.05015796795487404,
  "department_Marketing": 0.03578808531165123,
  "department_Operations": 0.046226080507040024,
  "department_Product": 0.014267750084400177,
  "department_Sales": 0.012978374026715755,
  "location_Austin": 0.00922806840389967,
  "location_Boston": 0.01023092307150364,
  "location_Chicago": 0.04936058446764946,
  "location_New York": 0.06664339452981949,
  "location_Remote": 0.06313471496105194,
  "location_San Francisco": 0.05843152478337288,
  "location_Seattle": 0.03741990402340889
}